ds,y
2029-6-15 18:33:17,0.6626259266808129
2025-11-29 22:00:27,0.7865525534622476
