ds,y
2047-3-9 18:14:11,0.6460647528893994
2043-10-25 00:52:19,0.8977803252179865
