ds,y
2046-8-21 12:24:44,0.873329109555472
2024-11-28 00:20:25,0.9452673858665869
