ds,y
2036-5-13 02:32:05,0.8090525178256711
2029-2-6 14:55:58,0.9326009960181436
2028-6-17 05:02:47,0.9308301866567901
